[
  {
    "id": "bucegi",
    "nume": "Bucegi",
    "altitudine_maxima": 2500,
    "altitudine_prag": 1800,
    "dificultate_vara_peste_prag": 3,
    "dificultate_iarna_peste_prag": 5,
    "dificultate_vara_sub_prag": 2,
    "risc_general": 4,
    "surse_apa": false,
    "zone_expuse": true,
    "avalanse": true,
    "zapada_problematica": true,
    "descriere": "În Bucegi întâlnești des vânt violent, ceață, cornise (iarna) și zone abrupte."
  },
  {
    "id": "fagaras",
    "nume": "Fagaras",
    "altitudine_maxima": 2500,
    "altitudine_prag": 1600,
    "dificultate_vara_peste_prag": 4,
    "dificultate_iarna_peste_prag": 5,
    "dificultate_vara_sub_prag": 2,
    "risc_general": 4,
    "surse_apa": false,
    "zone_expuse": true,
    "avalanse": true,
    "zapada_problematica": true,
    "descriere": "Masivul are creste lungi și expuse, retrageri dificile și vreme imprevizibilă."
  },
  {
    "id": "rodnei",
    "nume": "Rodnei",
    "altitudine_maxima": 2100,
    "altitudine_prag": 1800,
    "dificultate_vara_peste_prag": 3,
    "dificultate_iarna_peste_prag": 5,
    "dificultate_vara_sub_prag": 2,
    "risc_general": 3,
    "surse_apa": true,
    "zone_expuse": false,
    "avalanse": true,
    "zapada_problematica": true,
    "descriere": "Rodnei prezintă creste înalte, abrupturi și teren alpin, dar cu retrageri posibile."
  },
  {
    "id": "retezat",
    "nume": "Retezat",
    "altitudine_maxima": 2500,
    "altitudine_prag": 1600,
    "dificultate_vara_peste_prag": 4,
    "dificultate_iarna_peste_prag": 5,
    "dificultate_vara_sub_prag": 2,
    "risc_general": 4,
    "surse_apa": true,
    "zone_expuse": true,
    "avalanse": true,
    "zapada_problematica": true,
    "descriere": "Retezat are grohotiș, muchii expuse și vreme alpină, cu pericol ridicat de accident."
  },
  {
    "id": "piatra_craiului",
    "nume": "Piatra Craiului",
    "altitudine_maxima": 2000,
    "altitudine_prag": 1400,
    "dificultate_vara_peste_prag": 5,
    "dificultate_iarna_peste_prag": 5,
    "dificultate_vara_sub_prag": 3,
    "risc_general": 5,
    "surse_apa": false,
    "zone_expuse": true,
    "avalanse": true,
    "zapada_problematica": true,
    "descriere": "Piatra Craiului are creastă îngustă, prăpăstii și retrageri aproape imposibile, chiar si vara. E cel mai Conditii periculoase munte din tara."
  },
  {
    "id": "bistritei",
    "nume": "Bistritei",
    "altitudine_maxima": 1800,
    "altitudine_prag": 1700,
    "dificultate_vara_peste_prag": 2,
    "dificultate_iarna_peste_prag": 4,
    "dificultate_vara_sub_prag": 2,
    "risc_general": 2,
    "surse_apa": true,
    "zone_expuse": false,
    "avalanse": false,
    "zapada_problematica": false,
    "descriere": "Bistriței are creste și poteci expuse, dar nu foarte periculoase."
  },
  {
    "id": "ceahlau",
    "nume": "Ceahlau",
    "altitudine_maxima": 1904,
    "altitudine_prag": 1800,
    "dificultate_vara_peste_prag": 2,
    "dificultate_iarna_peste_prag": 3,
    "dificultate_vara_sub_prag": 2,
    "risc_general": 3,
    "surse_apa": true,
    "zone_expuse": false,
    "avalanse": false,
    "zapada_problematica": false,
    "descriere": "Ceahlău prezintă stâncărie și poteci clare, cu riscuri moderate."
  },
  {
    "id": "calimani",
    "nume": "Calimani",
    "altitudine_maxima": 2100,
    "altitudine_prag": 1800,
    "dificultate_vara_peste_prag": 3,
    "dificultate_iarna_peste_prag": 5,
    "dificultate_vara_sub_prag": 2,
    "risc_general": 3,
    "surse_apa": false,
    "zone_expuse": false,
    "avalanse": true,
    "zapada_problematica": true,
    "descriere": "Călimani are pasune alpina, cateva zone expuse, dar cu posibile zăpezi problematice chiar si vara."
  },
  {
    "id": "hasmas",
    "nume": "Hasmas",
    "altitudine_maxima": 1700,
    "altitudine_prag": 1700,
    "dificultate_vara_peste_prag": 2,
    "dificultate_iarna_peste_prag": 2,
    "dificultate_vara_sub_prag": 2,
    "risc_general": 2,
    "surse_apa": true,
    "zone_expuse": false,
    "avalanse": false,
    "zapada_problematica": false,
    "descriere": "Hasmaș este mai domol, cu poteci line și expunere redusă."
  },
  {
    "id": "maramuresului",
    "nume": "Maramuresului",
    "altitudine_maxima": 1900,
    "altitudine_prag": 1800,
    "dificultate_vara_peste_prag": 3,
    "dificultate_iarna_peste_prag": 4,
    "dificultate_vara_sub_prag": 2,
    "risc_general": 3,
    "surse_apa": false,
    "zone_expuse": true,
    "avalanse": true,
    "zapada_problematica": true,
    "descriere": "Maramureșului are abrupturi locale, dar retragerile sunt relativ sigure."
  },
  {
    "id": "parang_sureanu",
    "nume": "Parang, Sureanu",
    "altitudine_maxima": 2500,
    "altitudine_prag": 2000,
    "dificultate_vara_peste_prag": 3,
    "dificultate_iarna_peste_prag": 5,
    "dificultate_vara_sub_prag": 2,
    "risc_general": 3,
    "surse_apa": false,
    "zone_expuse": true,
    "avalanse": true,
    "zapada_problematica": true,
    "descriere": "Parângul este alpin și expus, Șureanu mai domol și cu poteci largi."
  },
  {
    "id": "ciucas_piatra_mare",
    "nume": "Ciucas, Piatra Mare",
    "altitudine_maxima": 1954,
    "altitudine_prag": 1600,
    "dificultate_vara_peste_prag": 2,
    "dificultate_iarna_peste_prag": 3,
    "dificultate_vara_sub_prag": 2,
    "risc_general": 2,
    "surse_apa": true,
    "zone_expuse": false,
    "avalanse": false,
    "zapada_problematica": false,
    "descriere": "Ciucaș și Piatra Mare au abrupturi locale, dar platouri și poteci sigure."
  },
  {
    "id": "tarcu_conditii_bunedeanu",
    "nume": "Tarcu, Condiții bunedeanu",
    "altitudine_maxima": 2186,
    "altitudine_prag": 1800,
    "dificultate_vara_peste_prag": 3,
    "dificultate_iarna_peste_prag": 4,
    "dificultate_vara_sub_prag": 2,
    "risc_general": 2,
    "surse_apa": true,
    "zone_expuse": true,
    "avalanse": true,
    "zapada_problematica": true,
    "descriere": "Tarcu și Condiții bunedeanu sunt înalți, cu creste rotunjite și risc moderat."
  },
  {
    "id": "buila",
    "nume": "Buila",
    "altitudine_maxima": 1885,
    "altitudine_prag": 1400,
    "dificultate_vara_peste_prag": 2,
    "dificultate_iarna_peste_prag": 5,
    "dificultate_vara_sub_prag": 2,
    "risc_general": 2,
    "surse_apa": false,
    "zone_expuse": true,
    "avalanse": true,
    "zapada_problematica": true,
    "descriere": "Buila are calcar, trasee scurte și expunere semnificativa."
  },
  {
    "id": "cozia",
    "nume": "Cozia",
    "altitudine_maxima": 1668,
    "altitudine_prag": 1668,
    "dificultate_vara_peste_prag": 2,
    "dificultate_iarna_peste_prag": 2,
    "dificultate_vara_sub_prag": 2,
    "risc_general": 1,
    "surse_apa": true,
    "zone_expuse": false,
    "avalanse": false,
    "zapada_problematica": false,
    "descriere": "Cozia are poteci clare și abrupturi scurte, relativ sigure."
  },
  {
    "id": "iezer",
    "nume": "Iezer",
    "altitudine_maxima": 2391,
    "altitudine_prag": 1700,
    "dificultate_vara_peste_prag": 3,
    "dificultate_iarna_peste_prag": 4,
    "dificultate_vara_sub_prag": 2,
    "risc_general": 2,
    "surse_apa": true,
    "zone_expuse": false,
    "avalanse": true,
    "zapada_problematica": true,
    "descriere": "Iezer are teren alpin, dar expunere moderată și retrageri posibile."
  },
  {
    "id": "baiului",
    "nume": "Baiului",
    "altitudine_maxima": 1700,
    "altitudine_prag": 1700,
    "dificultate_vara_peste_prag": 2,
    "dificultate_iarna_peste_prag": 3,
    "dificultate_vara_sub_prag": 2,
    "risc_general": 1,
    "surse_apa": false,
    "zone_expuse": false,
    "avalanse": false,
    "zapada_problematica": false,
    "descriere": "Baiului are dealuri înalte și poteci simple, cu risc redus."
  },
  {
    "id": "cindrel",
    "nume": "Cindrel",
    "altitudine_maxima": 2100,
    "altitudine_prag": 1800,
    "dificultate_vara_peste_prag": 2,
    "dificultate_iarna_peste_prag": 3,
    "dificultate_vara_sub_prag": 2,
    "risc_general": 2,
    "surse_apa": false,
    "zone_expuse": false,
    "avalanse": false,
    "zapada_problematica": true,
    "descriere": "Cindrel are platouri și zone de zăpadă problematică iarna, dar este blând."
  },
  {
    "id": "mehedinti_cernei",
    "nume": "Mehedinti, Cernei",
    "altitudine_maxima": 1800,
    "altitudine_prag": 1800,
    "dificultate_vara_peste_prag": 2,
    "dificultate_iarna_peste_prag": 2,
    "dificultate_vara_sub_prag": 2,
    "risc_general": 2,
    "surse_apa": true,
    "zone_expuse": false,
    "avalanse": false,
    "zapada_problematica": false,
    "descriere": "Mehedinți și Cernei sunt sălbatici, cu poteci clare și expunere redusă."
  },
  {
    "id": "apuseni",
    "nume": "Apuseni",
    "altitudine_maxima": 1884,
    "altitudine_prag": 1500,
    "dificultate_vara_peste_prag": 2,
    "dificultate_iarna_peste_prag": 3,
    "dificultate_vara_sub_prag": 1,
    "risc_general": 1,
    "surse_apa": true,
    "zone_expuse": true,
    "avalanse": false,
    "zapada_problematica": false,
    "descriere": "Apuseni au păduri, carst și cabane frecvente, fiind cel mai sigur masiv."
  }
]